brand,price,gender,image_url,base_colour,product_name,product_type,sub_category,master_category
Twirl Around World,"Rs. 4,598.85",Women,https://twirlaroundworld.com/cdn/shop/files/IMG_9582.jpg?v=1737808871,Multicolor,Blooming Breeze Resort Wear Monokini Set,Monokini Set,Monokinis,Swimwear
Twirl Around World,"Rs. 4,427.50",Women,https://twirlaroundworld.com/cdn/shop/files/IMG_9627.jpg?v=1737890641,Blue,Azure Elegance Ruffle Monokini & Skirt Set,Swimsuit,Monokinis,Swimwear
Twirl Around World,"Rs. 4,598.85",female,https://twirlaroundworld.com/cdn/shop/files/IMG_9599_75f581ed-7957-41c5-9d3d-f033287e7037.jpg?v=1737972337,Yellow,Golden Glow Structured Monokini & Dress Cover-Up Set,swimwear,monokinis,swimwear
Twirl Around World,$40.23,female,https://twirlaroundworld.com/cdn/shop/files/IMG_9662.jpg?v=1737999396,Multicolor,Floral Corset-Style Swimsuit with Sheer Wrap Skirt Set,swimsuit set,swimsuits,swimwear
Twirl Around World,"Rs. 4,023.85",female,https://twirlaroundworld.com/cdn/shop/files/IMG_9634.jpg?v=1738000402,Baby pink,3D Rose Cut-Out Monokini with Maxi Skirt Set,monokini,monokinis,swimwear
Twirl Around World,"Rs. 3,448.85",Female,https://twirlaroundworld.com/cdn/shop/files/IMG_9759.jpg?v=1738000904,Blue,Tide-wave Monokini & Dress Cover-Up Set,Monokini,Monokinis,Swimwear
Twirl Around World,"Rs. 4,598.85",female,https://twirlaroundworld.com/cdn/shop/files/IMG_0801.jpg?v=1741106563,Blue,Hawai Blue Floral Monokini With Skirt Set,swimwear,monokinis,swimwear
Twirl Around World,"Rs. 4,887.50",female,https://twirlaroundworld.com/cdn/shop/files/IMG_0404.jpg?v=1741147461,Black,Black Cut-Out Monokini With Skirt Set,swimwear,monokinis,swimwear
Twirl Around World,"Rs. 3,448.85",Women,https://twirlaroundworld.com/cdn/shop/files/IMG_4894.jpg?v=1741237305,Multicolor,Retro Enamel Monokini With Sarong Set,swimwear,Monokinis,Swimwear
Twirl Around World,"Rs. 4,598.85",Women,https://twirlaroundworld.com/cdn/shop/files/IMG_4898.jpg?v=1741492427,Baby pink,3D Dahlia Monokini with Skirt Set,swimsuit,Monokinis,Swimwear
Twirl Around World,"Rs. 4,023.85",Women,https://twirlaroundworld.com/cdn/shop/files/IMG_5430.jpg?v=1743497015,Light Blue,Miami Bikini Set With Crochet Dress,Bikini Set,Bikinis,Swimwear
Twirl Around World,"Rs. 3,793.85",Women,https://twirlaroundworld.com/cdn/shop/files/IMG_2732_2844a184-3bc8-41ab-911b-c9a4ee8da1dc.jpg?v=1743499239,Light Blue,Seashore Monokini With Sarong,Monokini,Monokinis,Swimwear
Twirl Around World,"Rs. 4,598.85",Female,https://twirlaroundworld.com/cdn/shop/files/IMG_7390.jpg?v=1751963265,Black,StarGaze Monokini With Skirt Set,Monokini,Monokinis,Swimwear
Twirl Around World,"Rs. 4,598.85",Female,https://twirlaroundworld.com/cdn/shop/files/IMG_7451.jpg?v=1751964115,Red,Rosebay Ruffle Monokini & Skirt Set,Monokini,Monokinis,Swimwear
Twirl Around World,"Rs. 1,953.85",Female,https://twirlaroundworld.com/cdn/shop/files/Built-inBraNightsuitFixedChestPadsNoCupSlippage.png?v=1748940918,White,Love Padded Nightsuit,Nightsuit,Padded Nightsuits,Nightsuits
Twirl Around World,$18.77,Female,https://twirlaroundworld.com/cdn/shop/files/Built-inBraNightsuitFixedChestPadsNoCupSlippage_png.png?v=1749312530,Gray,Sicily Bow Padded Nightsuit,Nightsuit,Padded Nightsuits,Nightsuits
Twirl Around World,$26.81,Female,https://twirlaroundworld.com/cdn/shop/files/0438106C-9AF8-407E-8E44-2265D2217C82_1.jpg?v=1749924398,Lavender,Twirl & Nap Ruffle NightSuit - 2pc Set,Nightsuit,Nightsuits,Clothing
Twirl Around World,"Rs. 2,643.85",Female,https://twirlaroundworld.com/cdn/shop/files/C550F0E8-E43B-4CA8-88DE-00DE7176A738.jpg?v=1749972369,Light Blue,Oh-Penguin Padded Nightsuit - 3pc Set,Nightsuit,Padded Nightsuits,Nightsuits
Twirl Around World,"Rs. 2,643.85",Women,https://twirlaroundworld.com/cdn/shop/files/35967EBF-E7D0-4223-BBFD-0FCCEA442829.jpg?v=1751133327,Off White,Lazy Panda Padded Nightsuit - 3pc Set,Nightsuit,Padded Nightsuits,Nightsuits
Twirl Around World,$33.52,Women,https://twirlaroundworld.com/cdn/shop/files/836999971-1.jpg?v=1693571096,Beige,Gurez three piece set,set,Sets,Clothing
Twirl Around World,$40.23,female,https://twirlaroundworld.com/cdn/shop/files/IMG_9596.jpg?v=1693586103,Pink,Rosy Ruffle Swimsuit With Wrap Skirt,swimsuit,swimsuits,swimwear
Twirl Around World,"Rs. 1,897.50",Unisex,https://twirlaroundworld.com/cdn/shop/files/IMG-0169.jpg?v=1748979711,Brown,Oasis Padded Tank Top,Tank Top,Tops,Apparel
Twirl Around World,"Rs. 1,667.50",Unisex,https://twirlaroundworld.com/cdn/shop/files/IMG_8030.jpg?v=1719896016,Charcol Black,Viral Padded Tank Top,Tank Top,Tops,Apparel
Twirl Around World,"Rs. 1,263.85",Women,https://twirlaroundworld.com/cdn/shop/files/IMG_6632.jpg?format=pjpg&v=1702301737&width=180,Brown,Scarlet Embellish Top,Top,Tops,Apparel
Twirl Around World,"Rs. 2,183.85",Women,https://twirlaroundworld.com/cdn/shop/files/IMG_7999.jpg?v=1707212604,Beige,Heart Crochet Knit Top With Bralette,Top,Tops,Clothing
Twirl Around World,$20.11,Women,https://twirlaroundworld.com/cdn/shop/files/IMG_1688.jpg?v=1712058097,Sea Green,Gelbes Corset Top Ans Skirt Set,Top and Skirt Set,Tops,Clothing
Twirl Around World,"Rs. 3,793.85",women,https://twirlaroundworld.com/cdn/shop/files/IMG_4906.jpg?v=1741492638,Green,Kiwi Ruffle Monokini With Sarong Set,swimwear,monokinis,swimwear
Twirl Around World,"Rs. 1,953.85",Female,https://twirlaroundworld.com/cdn/shop/files/IMG_4775.jpg?v=1747981641,Brown,Rome Plus Size Built-In Bra Camisole,Camisole,Camisoles,Apparel
Twirl Around World,$32.18,Women,https://twirlaroundworld.com/cdn/shop/files/IMG_7049.jpg?v=1751134726,White,Heart & Hugs Padded Nightsuit Set,Nightsuit,Padded Nightsuits,Nightsuits
Twirl Around World,"Rs. 1,723.85",Unisex,https://twirlaroundworld.com/cdn/shop/files/IMG_2801.jpg?v=1743494712,Blue,Comfy Built-In Bra T-shirt,T-shirt,T-shirts,Apparel
Twirl Around World,$16.77,Women,https://twirlaroundworld.com/cdn/shop/files/IMG_4672.jpg?v=1721900912,Beige,Ruched Comfort Built In Bra Camisole,Camisole,Tops,Apparel
Twirl Around World,$30.84,women,https://twirlaroundworld.com/products/zig-zag-muse-knit-long-dress,black,Zig-Zag Muse Knit Long Dress,dress,dresses,beach wear
Twirl Around World,$25.47,women,https://twirlaroundworld.com/products/coastal-crochet-beach-cover-up-maxi-dress,beige,Coastal Crochet Beach Cover-Up Maxi Dress,dress,dresses,beach wear
Twirl Around World,$25.47,women,https://twirlaroundworld.com/products/wave-pattern-beach-cover-up-dress,black,Wave-Pattern Beach Cover-Up Dress,dress,dresses,beach wear
Twirl Around World,$33.52,women,https://twirlaroundworld.com/products/elegant-crochet-knit-bodycon-maxi-dress,baby-pink,Elegant Crochet-Knit Bodycon Maxi Dress,dress,dresses,beach wear
Twirl Around World,$28.16,women,https://twirlaroundworld.com/products/sandy-crochet-maxi-dress,white,Sandy Crochet Maxi Dress,dress,dresses,beach wear
Twirl Around World,$28.84,women,https://twirlaroundworld.com/products/ocean-shell-crochet-set,green,Ocean Shell Crochet Set,set,sets,beach wear
Twirl Around World,$25.47,women,https://twirlaroundworld.com/products/seashell-crochet-halter-top-and-shorts-set,black,SeaShell Crochet Halter Top and Shorts Set,set,sets,beach wear
Twirl Around World,$18.77,women,https://twirlaroundworld.com/products/boho-tassel-crochet-knit-bralette,beige,Boho Tassel Crochet Knit Bralette,top,tops,beach wear
Twirl Around World,$30.84,women,https://twirlaroundworld.com/products/hollow-cutout-crochet-top-and-skirt-set,brown,Hollow Cutout Crochet Top and Skirt Set,set,sets,beach wear
Twirl Around World,$32.18,women,https://twirlaroundworld.com/products/manesha-crochet-bralette-and-pants-beachwear-set,green,Manesha Crochet Bralette And Pants Beachwear Set,set,sets,beach wear
,"Rs. 4,598.85",,https://twirlaroundworld.com/products/rosebay-ruffle-monokini-skirt-set,Red,Rosebay Ruffle Monokini & Skirt Set,monokini,monokinis,swimwear
,"Rs. 4,598.85",,https://twirlaroundworld.com/products/stargaze-monokini-with-skirt-set,Black,StarGaze Monokini With Skirt Set,monokini,monokinis,swimwear
,"Rs. 4,427.50",,https://twirlaroundworld.com/products/sable-shell-monokini-with-sarong-set,Black,Sable Shell Monokini With Sarong Set,monokini,monokinis,swimwear
,"Rs. 4,023.85",,https://twirlaroundworld.com/products/florida-monokini-with-mesh-wrap-skirt-set,Pink,Florida Monokini With Mesh Wrap Skirt Set,monokini,monokinis,swimwear
,"Rs. 1,897.50",,https://twirlaroundworld.com/products/ruby-charm-monokini,Pink,Ruby Charm Monokini,monokini,monokinis,swimwear
,"Rs. 3,793.85",,https://twirlaroundworld.com/products/seashore-monokini-with-sarong,Light Blue,Seashore Monokini With Sarong,monokini,monokinis,swimwear
,"Rs. 3,448.85",,https://twirlaroundworld.com/products/abstract-print-monokini-with-sarong,Black,Abstract Print Monokini With Sarong Set,monokini,monokinis,swimwear
,"Rs. 3,793.85",,https://twirlaroundworld.com/products/kiwi-ruffle-monokini-with-sarong-set,Green,Kiwi Ruffle Monokini With Sarong Set,monokini,monokinis,swimwear
,"Rs. 4,598.85",,https://twirlaroundworld.com/products/3d-dahlia-monokini-with-skirt-set,Baby pink,3D Dahlia Monokini with Skirt Set,monokini,monokinis,swimwear
,"Rs. 3,448.85",,https://twirlaroundworld.com/products/city-one-shoulder-monokini-with-sarong-set,White,City One Shoulder Monokini With Sarong Set,monokini,monokinis,swimwear
,"Rs. 4,138.85",female,https://twirlaroundworld.com/products/sandy-crochet-three-piece-swimsuit-set,green,Sandy Crochet Three piece Swimsuit Set,swimsuit,swimsuit,bikinis
,"Rs. 4,023.85",female,https://twirlaroundworld.com/products/miami-bikini-set,light-blue,Miami Bikini Set With Crochet Dress,bikini,bikini,bikinis
,"Rs. 1,723.85",female,https://twirlaroundworld.com/products/amora-petal-bikini,brown,Amora Petal Bikini,bikini,bikini,bikinis
,"Rs. 4,436.70",female,https://twirlaroundworld.com/products/tribal-halter-bikini-set-with-printed-cover-up,black,Tribal Halter Bikini Set with Printed Cover-Up,bikini,bikini,bikinis
,"Rs. 3,678.85",female,https://twirlaroundworld.com/products/sun-stars-ruffle-bikini-set-with-wrap-skirt,white,Sun & Stars Ruffle Bikini with Sarong Set,bikini,bikini,bikinis
,"Rs. 1,723.85",female,https://twirlaroundworld.com/products/blue-daisy-ruffle-one-piece-swimsuit,yellow,Blue Daisy Ruffle One-Piece Swimsuit,swimsuit,swimsuit,bikinis
,"Rs. 1,723.85",female,https://twirlaroundworld.com/products/citrus-stripe-bow-bikini-set,green,Citrus Stripe Bow Bikini Set,bikini,bikini,bikinis
,"Rs. 3,448.85",female,https://twirlaroundworld.com/products/sunfene-green-swimsuit-with-sarong,green,Sunfene Green Swimsuit With Sarong,swimsuit,swimsuit,bikinis
,"Rs. 2,873.85",female,https://twirlaroundworld.com/products/sera-swimsuit-with-printed-coverup,pink,Sera Swimsuit with Printed Coverup,swimsuit,swimsuit,bikinis
,"Rs. 3,448.85",female,https://twirlaroundworld.com/products/flax-ruffle-bikini-with-sarong-set,black,Flax Ruffle Bikini With Sarong Set,bikini,bikini,bikinis
Twirl Around World,"Rs. 2,758.85",Women,https://twirlaroundworld.com/products/rosy-whisper-padded-nightsuit-set,White,Rosy Whisper Padded Nightsuit Set,Nightsuit,Padded Nightsuit,Nightsuit
Twirl Around World,"Rs. 2,758.85",Women,https://twirlaroundworld.com/products/heart-hugs-padded-nightsuit-set,White,Heart & Hugs Padded Nightsuit Set,Nightsuit,Padded Nightsuit,Nightsuit
Twirl Around World,"Rs. 2,643.85",Women,https://twirlaroundworld.com/products/lazy-panda-padded-nightsuit-3pc-set,Off White,Lazy Panda Padded Nightsuit - 3pc Set,Nightsuit,Padded Nightsuit,Nightsuit
Twirl Around World,"Rs. 2,643.85",Women,https://twirlaroundworld.com/products/catnap-frill-padded-nightsuit-3pc-set,Off White,CatNap Frill Padded Nightsuit - 3pc Set,Nightsuit,Padded Nightsuit,Nightsuit
Twirl Around World,"Rs. 2,643.85",Women,https://twirlaroundworld.com/products/little-pup-snooze-padded-nightsuit-3pc-set,Multicolor,Little Pup Snooze Padded Nightsuit - 3pc Set,Nightsuit,Padded Nightsuit,Nightsuit
Twirl Around World,"Rs. 2,643.85",Women,https://twirlaroundworld.com/products/oh-penguin-padded-nightsuit-3pc-set,Light Blue,Oh-Penguin Padded Nightsuit - 3pc Set,Nightsuit,Padded Nightsuit,Nightsuit
Twirl Around World,"Rs. 2,298.85",Women,https://twirlaroundworld.com/products/twirl-nap-ruffle-nightsuit-set,Lavender,Twirl & Nap Ruffle NightSuit - 2pc Set,Nightsuit,Padded Nightsuit,Nightsuit
Twirl Around World,"Rs. 2,873.85",Women,https://twirlaroundworld.com/products/dream-garden-padded-nightsuit-set,Black Daisy,Dream Garden Padded Nightsuit Set,Nightsuit,Padded Nightsuit,Nightsuit
Twirl Around World,"Rs. 2,873.85",Women,https://twirlaroundworld.com/products/snuggle-padded-night-suit-set,Fruit Print,Snuggle Padded Nightsuit Set,Nightsuit,Padded Nightsuit,Nightsuit
Twirl Around World,"Rs. 1,608.85",Women,https://twirlaroundworld.com/products/sicily-bow-padded-night-suit,Gray,Sicily Bow Padded Nightsuit,Nightsuit,Padded Nightsuit,Nightsuit
