brand,product_name,price,gender,image_url,base_colour,product_type,sub_category,master_category,source
Twirl Around World,Blooming Breeze Resort Wear Monokini Set,Rs. 4598.85,Women,https://twirlaroundworld.com/cdn/shop/files/IMG_9582.jpg?v=1737808871,Multicolor,Monokini Set,Monokinis,Swimwear,twirl_json
Twirl Around World,Azure Elegance Ruffle Monokini & Skirt Set,Rs. 4427.50,Women,https://twirlaroundworld.com/cdn/shop/files/IMG_9627.jpg?v=1737890641,Blue,Swimsuit,Monokinis,Swimwear,twirl_json
Twirl Around World,Golden Glow Structured Monokini & Dress Cover-Up Set,Rs. 4598.85,female,https://twirlaroundworld.com/cdn/shop/files/IMG_9599_75f581ed-7957-41c5-9d3d-f033287e7037.jpg?v=1737972337,Yellow,swimwear,monokinis,swimwear,twirl_json
Twirl Around World,Floral Corset-Style Swimsuit with Sheer Wrap Skirt Set,$40.23,female,https://twirlaroundworld.com/cdn/shop/files/IMG_9662.jpg?v=1737999396,Multicolor,swimsuit set,swimsuits,swimwear,twirl_json
Twirl Around World,3D Rose Cut-Out Monokini with Maxi Skirt Set,Rs. 4023.85,female,https://twirlaroundworld.com/cdn/shop/files/IMG_9634.jpg?v=1738000402,Baby pink,monokini,monokinis,swimwear,twirl_json
Twirl Around World,Tide-wave Monokini & Dress Cover-Up Set,Rs. 3448.85,Female,https://twirlaroundworld.com/cdn/shop/files/IMG_9759.jpg?v=1738000904,Blue,Monokini,Monokinis,Swimwear,twirl_json
Twirl Around World,Hawai Blue Floral Monokini With Skirt Set,Rs. 4598.85,female,https://twirlaroundworld.com/cdn/shop/files/IMG_0801.jpg?v=1741106563,Blue,swimwear,monokinis,swimwear,twirl_json
Twirl Around World,Black Cut-Out Monokini With Skirt Set,Rs. 4887.50,female,https://twirlaroundworld.com/cdn/shop/files/IMG_0404.jpg?v=1741147461,Black,swimwear,monokinis,swimwear,twirl_json
Twirl Around World,Retro Enamel Monokini With Sarong Set,Rs. 3448.85,Women,https://twirlaroundworld.com/cdn/shop/files/IMG_4894.jpg?v=1741237305,Multicolor,swimwear,Monokinis,Swimwear,twirl_json
Twirl Around World,3D Dahlia Monokini with Skirt Set,Rs. 4598.85,Women,https://twirlaroundworld.com/cdn/shop/files/IMG_4898.jpg?v=1741492427,Baby pink,swimsuit,Monokinis,Swimwear,twirl_json
Twirl Around World,Miami Bikini Set With Crochet Dress,Rs. 4023.85,Women,https://twirlaroundworld.com/cdn/shop/files/IMG_5430.jpg?v=1743497015,Light Blue,Bikini Set,Bikinis,Swimwear,twirl_json
Twirl Around World,Seashore Monokini With Sarong,Rs. 3793.85,Women,https://twirlaroundworld.com/cdn/shop/files/IMG_2732_2844a184-3bc8-41ab-911b-c9a4ee8da1dc.jpg?v=1743499239,Light Blue,Monokini,Monokinis,Swimwear,twirl_json
Twirl Around World,StarGaze Monokini With Skirt Set,Rs. 4598.85,Female,https://twirlaroundworld.com/cdn/shop/files/IMG_7390.jpg?v=1751963265,Black,Monokini,Monokinis,Swimwear,twirl_json
Twirl Around World,Rosebay Ruffle Monokini & Skirt Set,Rs. 4598.85,Female,https://twirlaroundworld.com/cdn/shop/files/IMG_7451.jpg?v=1751964115,Red,Monokini,Monokinis,Swimwear,twirl_json
Twirl Around World,Love Padded Nightsuit,Rs. 1953.85,Female,https://twirlaroundworld.com/cdn/shop/files/Built-inBraNightsuitFixedChestPadsNoCupSlippage.png?v=1748940918,White,Nightsuit,Padded Nightsuits,Nightsuits,twirl_json
Twirl Around World,Sicily Bow Padded Nightsuit,$18.77,Female,https://twirlaroundworld.com/cdn/shop/files/Built-inBraNightsuitFixedChestPadsNoCupSlippage_png.png?v=1749312530,Gray,Nightsuit,Padded Nightsuits,Nightsuits,twirl_json
Twirl Around World,Twirl & Nap Ruffle NightSuit - 2pc Set,$26.81,Female,https://twirlaroundworld.com/cdn/shop/files/0438106C-9AF8-407E-8E44-2265D2217C82_1.jpg?v=1749924398,Lavender,Nightsuit,Nightsuits,Clothing,twirl_json
Twirl Around World,Oh-Penguin Padded Nightsuit - 3pc Set,Rs. 2643.85,Female,https://twirlaroundworld.com/cdn/shop/files/C550F0E8-E43B-4CA8-88DE-00DE7176A738.jpg?v=1749972369,Light Blue,Nightsuit,Padded Nightsuits,Nightsuits,twirl_json
Twirl Around World,Lazy Panda Padded Nightsuit - 3pc Set,Rs. 2643.85,Women,https://twirlaroundworld.com/cdn/shop/files/35967EBF-E7D0-4223-BBFD-0FCCEA442829.jpg?v=1751133327,Off White,Nightsuit,Padded Nightsuits,Nightsuits,twirl_json
Twirl Around World,Gurez three piece set,$33.52,Women,https://twirlaroundworld.com/cdn/shop/files/836999971-1.jpg?v=1693571096,Beige,set,Sets,Clothing,twirl_json
Twirl Around World,Rosy Ruffle Swimsuit With Wrap Skirt,$40.23,female,https://twirlaroundworld.com/cdn/shop/files/IMG_9596.jpg?v=1693586103,Pink,swimsuit,swimsuits,swimwear,twirl_json
Twirl Around World,Oasis Padded Tank Top,Rs. 1897.50,Unisex,https://twirlaroundworld.com/cdn/shop/files/IMG-0169.jpg?v=1748979711,Brown,Tank Top,Tops,Apparel,twirl_json
Twirl Around World,Viral Padded Tank Top,Rs. 1667.50,Unisex,https://twirlaroundworld.com/cdn/shop/files/IMG_8030.jpg?v=1719896016,Charcol Black,Tank Top,Tops,Apparel,twirl_json
Twirl Around World,Scarlet Embellish Top,Rs. 1263.85,Women,https://twirlaroundworld.com/cdn/shop/files/IMG_6632.jpg?format=pjpg&v=1702301737&width=180,Brown,Top,Tops,Apparel,twirl_json
Twirl Around World,Heart Crochet Knit Top With Bralette,Rs. 2183.85,Women,https://twirlaroundworld.com/cdn/shop/files/IMG_7999.jpg?v=1707212604,Beige,Top,Tops,Clothing,twirl_json
Twirl Around World,Gelbes Corset Top Ans Skirt Set,$20.11,Women,https://twirlaroundworld.com/cdn/shop/files/IMG_1688.jpg?v=1712058097,Sea Green,Top and Skirt Set,Tops,Clothing,twirl_json
Twirl Around World,Kiwi Ruffle Monokini With Sarong Set,Rs. 3793.85,women,https://twirlaroundworld.com/cdn/shop/files/IMG_4906.jpg?v=1741492638,Green,swimwear,monokinis,swimwear,twirl_json
Twirl Around World,Rome Plus Size Built-In Bra Camisole,Rs. 1953.85,Female,https://twirlaroundworld.com/cdn/shop/files/IMG_4775.jpg?v=1747981641,Brown,Camisole,Camisoles,Apparel,twirl_json
Twirl Around World,Heart & Hugs Padded Nightsuit Set,$32.18,Women,https://twirlaroundworld.com/cdn/shop/files/IMG_7049.jpg?v=1751134726,White,Nightsuit,Padded Nightsuits,Nightsuits,twirl_json
Twirl Around World,Comfy Built-In Bra T-shirt,Rs. 1723.85,Unisex,https://twirlaroundworld.com/cdn/shop/files/IMG_2801.jpg?v=1743494712,Blue,T-shirt,T-shirts,Apparel,twirl_json
Twirl Around World,Ruched Comfort Built In Bra Camisole,$16.77,Women,https://twirlaroundworld.com/cdn/shop/files/IMG_4672.jpg?v=1721900912,Beige,Camisole,Tops,Apparel,twirl_json
Twirl Around World,Zig-Zag Muse Knit Long Dress,$30.84,women,https://twirlaroundworld.com/products/zig-zag-muse-knit-long-dress,black,dress,dresses,beach wear,twirl_json
Twirl Around World,Coastal Crochet Beach Cover-Up Maxi Dress,$25.47,women,https://twirlaroundworld.com/products/coastal-crochet-beach-cover-up-maxi-dress,beige,dress,dresses,beach wear,twirl_json
Twirl Around World,Wave-Pattern Beach Cover-Up Dress,$25.47,women,https://twirlaroundworld.com/products/wave-pattern-beach-cover-up-dress,black,dress,dresses,beach wear,twirl_json
Twirl Around World,Elegant Crochet-Knit Bodycon Maxi Dress,$33.52,women,https://twirlaroundworld.com/products/elegant-crochet-knit-bodycon-maxi-dress,baby-pink,dress,dresses,beach wear,twirl_json
Twirl Around World,Sandy Crochet Maxi Dress,$28.16,women,https://twirlaroundworld.com/products/sandy-crochet-maxi-dress,white,dress,dresses,beach wear,twirl_json
Twirl Around World,Ocean Shell Crochet Set,$28.84,women,https://twirlaroundworld.com/products/ocean-shell-crochet-set,green,set,sets,beach wear,twirl_json
Twirl Around World,SeaShell Crochet Halter Top and Shorts Set,$25.47,women,https://twirlaroundworld.com/products/seashell-crochet-halter-top-and-shorts-set,black,set,sets,beach wear,twirl_json
Twirl Around World,Boho Tassel Crochet Knit Bralette,$18.77,women,https://twirlaroundworld.com/products/boho-tassel-crochet-knit-bralette,beige,top,tops,beach wear,twirl_json
Twirl Around World,Hollow Cutout Crochet Top and Skirt Set,$30.84,women,https://twirlaroundworld.com/products/hollow-cutout-crochet-top-and-skirt-set,brown,set,sets,beach wear,twirl_json
Twirl Around World,Manesha Crochet Bralette And Pants Beachwear Set,$32.18,women,https://twirlaroundworld.com/products/manesha-crochet-bralette-and-pants-beachwear-set,green,set,sets,beach wear,twirl_json
Fashion Brand,Rosebay Ruffle Monokini & Skirt Set,Rs. 4598.85,Unisex,https://twirlaroundworld.com/products/rosebay-ruffle-monokini-skirt-set,Red,monokini,monokinis,swimwear,twirl_json
Fashion Brand,StarGaze Monokini With Skirt Set,Rs. 4598.85,Unisex,https://twirlaroundworld.com/products/stargaze-monokini-with-skirt-set,Black,monokini,monokinis,swimwear,twirl_json
Fashion Brand,Sable Shell Monokini With Sarong Set,Rs. 4427.50,Unisex,https://twirlaroundworld.com/products/sable-shell-monokini-with-sarong-set,Black,monokini,monokinis,swimwear,twirl_json
Fashion Brand,Florida Monokini With Mesh Wrap Skirt Set,Rs. 4023.85,Unisex,https://twirlaroundworld.com/products/florida-monokini-with-mesh-wrap-skirt-set,Pink,monokini,monokinis,swimwear,twirl_json
Fashion Brand,Ruby Charm Monokini,Rs. 1897.50,Unisex,https://twirlaroundworld.com/products/ruby-charm-monokini,Pink,monokini,monokinis,swimwear,twirl_json
Fashion Brand,Seashore Monokini With Sarong,Rs. 3793.85,Unisex,https://twirlaroundworld.com/products/seashore-monokini-with-sarong,Light Blue,monokini,monokinis,swimwear,twirl_json
Fashion Brand,Abstract Print Monokini With Sarong Set,Rs. 3448.85,Unisex,https://twirlaroundworld.com/products/abstract-print-monokini-with-sarong,Black,monokini,monokinis,swimwear,twirl_json
Fashion Brand,Kiwi Ruffle Monokini With Sarong Set,Rs. 3793.85,Unisex,https://twirlaroundworld.com/products/kiwi-ruffle-monokini-with-sarong-set,Green,monokini,monokinis,swimwear,twirl_json
Fashion Brand,3D Dahlia Monokini with Skirt Set,Rs. 4598.85,Unisex,https://twirlaroundworld.com/products/3d-dahlia-monokini-with-skirt-set,Baby pink,monokini,monokinis,swimwear,twirl_json
Fashion Brand,City One Shoulder Monokini With Sarong Set,Rs. 3448.85,Unisex,https://twirlaroundworld.com/products/city-one-shoulder-monokini-with-sarong-set,White,monokini,monokinis,swimwear,twirl_json
Fashion Brand,Sandy Crochet Three piece Swimsuit Set,Rs. 4138.85,female,https://twirlaroundworld.com/products/sandy-crochet-three-piece-swimsuit-set,green,swimsuit,swimsuit,bikinis,twirl_json
Fashion Brand,Miami Bikini Set With Crochet Dress,Rs. 4023.85,female,https://twirlaroundworld.com/products/miami-bikini-set,light-blue,bikini,bikini,bikinis,twirl_json
Fashion Brand,Amora Petal Bikini,Rs. 1723.85,female,https://twirlaroundworld.com/products/amora-petal-bikini,brown,bikini,bikini,bikinis,twirl_json
Fashion Brand,Tribal Halter Bikini Set with Printed Cover-Up,Rs. 4436.70,female,https://twirlaroundworld.com/products/tribal-halter-bikini-set-with-printed-cover-up,black,bikini,bikini,bikinis,twirl_json
Fashion Brand,Sun & Stars Ruffle Bikini with Sarong Set,Rs. 3678.85,female,https://twirlaroundworld.com/products/sun-stars-ruffle-bikini-set-with-wrap-skirt,white,bikini,bikini,bikinis,twirl_json
Fashion Brand,Blue Daisy Ruffle One-Piece Swimsuit,Rs. 1723.85,female,https://twirlaroundworld.com/products/blue-daisy-ruffle-one-piece-swimsuit,yellow,swimsuit,swimsuit,bikinis,twirl_json
Fashion Brand,Citrus Stripe Bow Bikini Set,Rs. 1723.85,female,https://twirlaroundworld.com/products/citrus-stripe-bow-bikini-set,green,bikini,bikini,bikinis,twirl_json
Fashion Brand,Sunfene Green Swimsuit With Sarong,Rs. 3448.85,female,https://twirlaroundworld.com/products/sunfene-green-swimsuit-with-sarong,green,swimsuit,swimsuit,bikinis,twirl_json
Fashion Brand,Sera Swimsuit with Printed Coverup,Rs. 2873.85,female,https://twirlaroundworld.com/products/sera-swimsuit-with-printed-coverup,pink,swimsuit,swimsuit,bikinis,twirl_json
Fashion Brand,Flax Ruffle Bikini With Sarong Set,Rs. 3448.85,female,https://twirlaroundworld.com/products/flax-ruffle-bikini-with-sarong-set,black,bikini,bikini,bikinis,twirl_json
Twirl Around World,Rosy Whisper Padded Nightsuit Set,Rs. 2758.85,Women,https://twirlaroundworld.com/products/rosy-whisper-padded-nightsuit-set,White,Nightsuit,Padded Nightsuit,Nightsuit,twirl_json
Twirl Around World,CatNap Frill Padded Nightsuit - 3pc Set,Rs. 2643.85,Women,https://twirlaroundworld.com/products/catnap-frill-padded-nightsuit-3pc-set,Off White,Nightsuit,Padded Nightsuit,Nightsuit,twirl_json
Twirl Around World,Little Pup Snooze Padded Nightsuit - 3pc Set,Rs. 2643.85,Women,https://twirlaroundworld.com/products/little-pup-snooze-padded-nightsuit-3pc-set,Multicolor,Nightsuit,Padded Nightsuit,Nightsuit,twirl_json
Twirl Around World,Dream Garden Padded Nightsuit Set,Rs. 2873.85,Women,https://twirlaroundworld.com/products/dream-garden-padded-nightsuit-set,Black Daisy,Nightsuit,Padded Nightsuit,Nightsuit,twirl_json
Twirl Around World,Snuggle Padded Nightsuit Set,Rs. 2873.85,Women,https://twirlaroundworld.com/products/snuggle-padded-night-suit-set,Fruit Print,Nightsuit,Padded Nightsuit,Nightsuit,twirl_json
H&M,Skinny Fit Suit Pants,$25.99,Unisex,"https://lp2.hm.com/hmgoepprod?set=source[/8f/85/8f85540515140c3d2f464ce78d77a9bfe163472b.jpg],origin[dam],category[],type[DESCRIPTIVESTILLLIFE],res[m],hmver[2]&call=url[file:/product/style]",Unknown,Pants,Pants,Apparel,hm
H&M,Slim Fit Suit Pants,$39.99,Unisex,"https://lp2.hm.com/hmgoepprod?set=source[/9a/11/9a113712bb917e853c24d444d7bf6dda63e84f0b.jpg],origin[dam],category[],type[DESCRIPTIVESTILLLIFE],res[m],hmver[2]&call=url[file:/product/style]",Unknown,Pants,Pants,Apparel,hm
H&M,Slim Fit Linen Jacket,$99.00,Unisex,"https://lp2.hm.com/hmgoepprod?set=source[/5e/96/5e96bc27780b7002c2d97993b4f94bbfde01d610.jpg],origin[dam],category[men_blazerssuits_blazers],type[DESCRIPTIVESTILLLIFE],res[m],hmver[2]&call=url[file:/product/style]",Unknown,Jacket,Jacket,Apparel,hm
H&M,Skinny Fit Single-Breasted Jacket,$74.99,Unisex,"https://lp2.hm.com/hmgoepprod?set=source[/3d/10/3d106503248abe68a48c5e4401629979bb9c6f77.jpg],origin[dam],category[],type[DESCRIPTIVESTILLLIFE],res[m],hmver[2]&call=url[file:/product/style]",Unknown,Jacket,Jacket,Apparel,hm
H&M,Slim Fit Cotton Twill Pants,$24.99,Unisex,"https://lp2.hm.com/hmgoepprod?set=source[/cd/d7/cdd7aea4d00fc65196abef349fa469ee23b3d22b.jpg],origin[dam],category[],type[DESCRIPTIVESTILLLIFE],res[m],hmver[2]&call=url[file:/product/style]",Unknown,Pants,Pants,Apparel,hm
H&M,Slim Fit Cotton Turtleneck Shirt,$19.99,Unisex,"https://lp2.hm.com/hmgoepprod?set=source[/89/83/898396242549d47ec8c92fa2891cf68d2768b51d.jpg],origin[dam],category[],type[DESCRIPTIVESTILLLIFE],res[m],hmver[2]&call=url[file:/product/style]",Unknown,Shirt,Shirt,Apparel,hm
H&M,Slim Fit Sweater,$29.99,Unisex,"https://lp2.hm.com/hmgoepprod?set=source[/2b/2e/2b2e6614657957bfab045b7e011528bc8717d9f9.jpg],origin[dam],category[men_cardigansjumpers_jumpers],type[DESCRIPTIVESTILLLIFE],res[m],hmver[2]&call=url[file:/product/style]",Unknown,Sweater,Sweater,Apparel,hm
H&M,Slim Fit Shirt,$24.99,Unisex,"https://lp2.hm.com/hmgoepprod?set=source[/ce/b4/ceb46f7bb3c8e3d1e6c8e2736a026802482d7645.jpg],origin[dam],category[men_shirts_longsleeved],type[DESCRIPTIVESTILLLIFE],res[m],hmver[2]&call=url[file:/product/style]",Unknown,Shirt,Shirt,Apparel,hm
H&M,Slim Fit Pants,$34.99,Unisex,"https://lp2.hm.com/hmgoepprod?set=source[/f0/23/f023dc8de56549f3a1e0725c5503162a57eea134.jpg],origin[dam],category[],type[DESCRIPTIVESTILLLIFE],res[m],hmver[2]&call=url[file:/product/style]",Unknown,Pants,Pants,Apparel,hm
H&M,Muscle Fit Cotton Shirt,$19.99,Unisex,"https://lp2.hm.com/hmgoepprod?set=source[/c7/d4/c7d49cef60f9d196d2f5347815f416bba7d4b636.jpg],origin[dam],category[men_shirts_shortsleeved],type[DESCRIPTIVESTILLLIFE],res[m],hmver[2]&call=url[file:/product/style]",Unknown,Shirt,Shirt,Apparel,hm
H&M,Slim Fit Jersey Suit Pants,$39.99,Unisex,"https://lp2.hm.com/hmgoepprod?set=source[/40/8b/408b6e788f71b4cdadf1a824af0cb3c9d19a4523.jpg],origin[dam],category[],type[DESCRIPTIVESTILLLIFE],res[m],hmver[2]&call=url[file:/product/style]",Unknown,Pants,Pants,Apparel,hm
H&M,Muscle Fit Band-collar Shirt,$19.99,Unisex,"https://lp2.hm.com/hmgoepprod?set=source[/f9/2b/f92b87f6a4658d7a7783c26b368dadd738f89a03.jpg],origin[dam],category[],type[DESCRIPTIVESTILLLIFE],res[m],hmver[2]&call=url[file:/product/style]",Unknown,Shirt,Shirt,Apparel,hm
H&M,Slim Fit Suit Vest,$31.99,Unisex,"https://lp2.hm.com/hmgoepprod?set=source[/65/b9/65b9bf8bd463702dbe63cd6b227a8f2872a04951.jpg],origin[dam],category[],type[DESCRIPTIVESTILLLIFE],res[m],hmver[2]&call=url[file:/product/style]",Unknown,Clothing,Clothing,Apparel,hm
H&M,Fitted T-shirt,$9.99,Unisex,https://image.hm.com/assets/hm/b7/ba/b7badc5c4ba7e259123cbd84c4e5bc99b22058fc.jpg?imwidth=1536,,Clothing,,Apparel,outfit_outfit_products_outfit1
H&M,Long Suit Vest,$34.99,Unisex,https://image.hm.com/assets/hm/76/12/7612ffada80beed6e2fe67971928434712c01ac1.jpg?imwidth=1536,,Clothing,,Apparel,outfit_outfit_products_outfit1
H&M,Slacks,$19.99,Unisex,https://image.hm.com/assets/hm/04/26/0426339b9ae316ecc9ecc7786d8fa1f0276612d8.jpg?imwidth=1536,,Clothing,,Apparel,outfit_outfit_products_outfit1
H&M,Ruffle-trimmed Oxford Blouse,$29.99,Unisex,https://image.hm.com/assets/hm/0e/fa/0efa468ccce8d000617d80e7234271d8b2f61bc2.jpg?imwidth=1536,,Clothing,,Apparel,outfit_outfit_products_outfit1
H&M,Cable-Knit Cardigan,$29.99,Unisex,https://image.hm.com/assets/hm/04/26/0426339b9ae316ecc9ecc7786d8fa1f0276612d8.jpg?imwidth=1536,,Clothing,,Apparel,outfit_outfit_products_outfit1
H&M,Denim Pull-on Pants,$29.99,Unisex,https://image.hm.com/assets/hm/04/26/0426339b9ae316ecc9ecc7786d8fa1f0276612d8.jpg?imwidth=1536,,Clothing,,Apparel,outfit_outfit_products_outfit1
H&M,Wide-leg Joggers,$17.99,Unisex,https://image.hm.com/assets/hm/04/26/0426339b9ae316ecc9ecc7786d8fa1f0276612d8.jpg?imwidth=1536,,Clothing,,Apparel,outfit_outfit_products_outfit1
H&M,Long Puff-Sleeved Dress,$34.99,Unisex,https://image.hm.com/assets/hm/04/26/0426339b9ae316ecc9ecc7786d8fa1f0276612d8.jpg?imwidth=1536,,Clothing,,Apparel,outfit_outfit_products_outfit1
H&M,Flounce-Trimmed Denim Shirt,$44.99,Unisex,https://image.hm.com/assets/hm/04/26/0426339b9ae316ecc9ecc7786d8fa1f0276612d8.jpg?imwidth=1536,,Clothing,,Apparel,outfit_outfit_products_outfit1
H&M,Loose-Fit Cardigan,$24.99,Unisex,https://image.hm.com/assets/hm/04/26/0426339b9ae316ecc9ecc7786d8fa1f0276612d8.jpg?imwidth=1536,,Clothing,,Apparel,outfit_outfit_products_outfit1
H&M,Oversized Denim Shirt,$34.99,Unisex,https://image.hm.com/assets/hm/04/26/0426339b9ae316ecc9ecc7786d8fa1f0276612d8.jpg?imwidth=1536,,Clothing,,Apparel,outfit_outfit_products_outfit1
H&M,Braided Flats,$29.99,Unisex,https://image.hm.com/assets/hm/04/26/0426339b9ae316ecc9ecc7786d8fa1f0276612d8.jpg?imwidth=1536,,Clothing,,Apparel,outfit_outfit_products_outfit1
H&M,Fitted Blazer,$39.99,Unisex,https://image.hm.com/assets/hm/04/26/0426339b9ae316ecc9ecc7786d8fa1f0276612d8.jpg?imwidth=1536,,Clothing,,Apparel,outfit_outfit_products_outfit1
H&M,Flounced Chiffon Dress,$39.99,Unisex,https://image.hm.com/assets/hm/04/26/0426339b9ae316ecc9ecc7786d8fa1f0276612d8.jpg?imwidth=1536,,Clothing,,Apparel,outfit_outfit_products_outfit1
H&M,Suit Vest,$24.99,Unisex,https://image.hm.com/assets/hm/04/26/0426339b9ae316ecc9ecc7786d8fa1f0276612d8.jpg?imwidth=1536,,Clothing,,Apparel,outfit_outfit_products_outfit1
H&M,Tie-Detail Cotton Dress,$29.99,Unisex,https://image.hm.com/assets/hm/04/26/0426339b9ae316ecc9ecc7786d8fa1f0276612d8.jpg?imwidth=1536,,Clothing,,Apparel,outfit_outfit_products_outfit1
H&M,High Rise Slim Leg Mom Jeans,$24.99,Unisex,https://image.hm.com/assets/hm/04/26/0426339b9ae316ecc9ecc7786d8fa1f0276612d8.jpg?imwidth=1536,,Clothing,,Apparel,outfit_outfit_products_outfit1
H&M,Midi Skirt,$29.99,Unisex,https://image.hm.com/assets/hm/04/26/0426339b9ae316ecc9ecc7786d8fa1f0276612d8.jpg?imwidth=1536,,Clothing,,Apparel,outfit_outfit_products_outfit1
H&M,Embroidered Blouse with Peter Pan Collar,$29.99,Unisex,https://image.hm.com/assets/hm/04/26/0426339b9ae316ecc9ecc7786d8fa1f0276612d8.jpg?imwidth=1536,,Clothing,,Apparel,outfit_outfit_products_outfit1
H&M,Oversized T-shirt,$7.99,Unisex,https://image.hm.com/assets/hm/04/26/0426339b9ae316ecc9ecc7786d8fa1f0276612d8.jpg?imwidth=1536,,Clothing,,Apparel,outfit_outfit_products_outfit1
H&M,Tie-Detail Poplin Skirt,$34.99,Unisex,https://image.hm.com/assets/hm/04/26/0426339b9ae316ecc9ecc7786d8fa1f0276612d8.jpg?imwidth=1536,,Clothing,,Apparel,outfit_outfit_products_outfit1
H&M,Short Trench Coat,$69.99,Unisex,https://image.hm.com/assets/hm/04/26/0426339b9ae316ecc9ecc7786d8fa1f0276612d8.jpg?imwidth=1536,,Clothing,,Apparel,outfit_outfit_products_outfit1
H&M,Oversized Sweatshirt,$19.99,Unisex,https://image.hm.com/assets/hm/04/26/0426339b9ae316ecc9ecc7786d8fa1f0276612d8.jpg?imwidth=1536,,Clothing,,Apparel,outfit_outfit_products_outfit1
H&M,Short Twill Trench Coat,$49.99,Unisex,https://image.hm.com/assets/hm/04/26/0426339b9ae316ecc9ecc7786d8fa1f0276612d8.jpg?imwidth=1536,,Clothing,,Apparel,outfit_outfit_products_outfit1
H&M,Tie-belt viscose shirt dress,$34.99,Unisex,https://image.hm.com/assets/hm/04/26/0426339b9ae316ecc9ecc7786d8fa1f0276612d8.jpg?imwidth=1536,,Clothing,,Apparel,outfit_outfit_products_outfit1
H&M,Denim Drawstring Pants,$29.99,Unisex,https://image.hm.com/assets/hm/04/26/0426339b9ae316ecc9ecc7786d8fa1f0276612d8.jpg?imwidth=1536,,Clothing,,Apparel,outfit_outfit_products_outfit1
H&M,Ava Ultra High Rise Wide Leg Jeans,$29.99,Unisex,https://image.hm.com/assets/hm/04/26/0426339b9ae316ecc9ecc7786d8fa1f0276612d8.jpg?imwidth=1536,,Clothing,,Apparel,outfit_outfit_products_outfit1
H&M,Lyocell Denim Shirt,$29.99,Unisex,https://image.hm.com/assets/hm/04/26/0426339b9ae316ecc9ecc7786d8fa1f0276612d8.jpg?imwidth=1536,,Clothing,,Apparel,outfit_outfit_products_outfit1
H&M,Double-breasted Trench Coat,$59.99,Unisex,https://image.hm.com/assets/hm/24/3e/243e7d0df1035f1444365c2403b901387ff22b45.jpg?imwidth=1536,,Clothing,,Apparel,outfit_outfit_products_outfit1
H&M,Loose-Fit Blazer,$44.99,Unisex,https://image.hm.com/assets/hm/51/0a/510a14ab1cb37af2976c04df45f3da9a58c7608e.jpg?imwidth=1536,,Clothing,,Apparel,outfit_outfit_products_outfit1
H&M,Twill Trench Coat,$54.99,Unisex,https://image.hm.com/assets/hm/a4/c5/a4c527fcd59570bbe23d19b13bd621e0f3bce7a7.jpg?imwidth=1536,,Clothing,,Apparel,outfit_outfit_products_outfit1
H&M,Bonded Twill Coat,$89.99,Unisex,https://www2.hm.com/en_us/productpage.1266923001.html,,Clothing,,Apparel,outfit_outfit_products_outfit1
H&M,Double-breasted Twill Trench Coat,$69.99,Unisex,https://www2.hm.com/en_us/productpage.1202758005.html,,Clothing,,Apparel,outfit_outfit_products_outfit1
H&M,Double-Breasted Blazer,$44.99,Unisex,https://www2.hm.com/en_us/productpage.1232584012.html,,Clothing,,Apparel,outfit_outfit_products_outfit1
H&M,Belted trench coat,$74.99,Unisex,https://www2.hm.com/en_us/productpage.1266913001.html,,Clothing,,Apparel,outfit_outfit_products_outfit1
H&M,Water-Repellent Raincoat,$74.99,Unisex,https://www2.hm.com/en_us/productpage.1266924001.html,,Clothing,,Apparel,outfit_outfit_products_outfit1
H&M,Linen-Blend Blazer,$54.99,Unisex,https://www2.hm.com/en_us/productpage.1261592001.html,,Clothing,,Apparel,outfit_outfit_products_outfit1
H&M,Car Coat with Belt,$69.99,Unisex,https://www2.hm.com/en_us/productpage.1258289001.html,,Clothing,,Apparel,outfit_outfit_products_outfit1
H&M,Tie-Detail Felted Coat,$69.99,Unisex,https://www2.hm.com/en_us/productpage.1269118001.html,,Clothing,,Apparel,outfit_outfit_products_outfit1
H&M,Jacket with Collar,$74.99,Unisex,https://www2.hm.com/en_us/productpage.1246831001.html,,Clothing,,Apparel,outfit_outfit_products_outfit1
H&M,Button-Detail Jacket,$59.99,Unisex,https://www2.hm.com/en_us/productpage.1244590001.html,,Clothing,,Apparel,outfit_outfit_products_outfit1
H&M,Brushed-Finish Tie-Belt Coat,$69.99,Unisex,https://www2.hm.com/en_us/productpage.1228998002.html,,Clothing,,Apparel,outfit_outfit_products_outfit1
H&M,Wide-cut Jeans,$49.99,Unisex,https://image.hm.com/assets/hm/4e/c9/4ec98ca03cc86f292542146cafa15f65f39cdaf7.jpg?imwidth=1536,,Clothing,,Apparel,outfit_outfit_products_outfit1
H&M,Wide-Leg Linen-Blend Pants,$49.99,Unisex,https://image.hm.com/assets/hm/f6/4d/f64d06d6e6e6bec45ac6b9f60118bd7087959021.jpg?imwidth=1536,,Clothing,,Apparel,outfit_outfit_products_outfit1
H&M,Button-Front Dress,$49.99,Unisex,https://image.hm.com/assets/hm/f2/66/f2665a70b7aaacf7786c3b7b8ba5e7691f949997.jpg?imwidth=1536,,Clothing,,Apparel,outfit_outfit_products_outfit1
H&M,Short-Sleeved Cardigan,$49.99,Unisex,https://image.hm.com/assets/hm/cc/07/cc0751ecb0c00048ca92d7ece653c2f1003239d4.jpg?imwidth=1536,,Clothing,,Apparel,outfit_outfit_products_outfit1
H&M,Linen-Blend Wrap Skirt,$49.99,Unisex,https://image.hm.com/assets/hm/49/2d/492d2a14f51ee83ab9557ddf507ad2f0d292ab27.jpg?imwidth=1536,,Clothing,,Apparel,outfit_outfit_products_outfit1
H&M,Textured-Knit Cardigan,$49.99,Unisex,https://image.hm.com/assets/hm/4e/5d/4e5dc77ee48237c417dbf14effecfbf644628acf.jpg?imwidth=1536,,Clothing,,Apparel,outfit_outfit_products_outfit1
H&M,Straight High Jeans,$49.99,Unisex,https://image.hm.com/assets/hm/5d/20/5d20e12fac9f9ac05f7134514030e6c8dab67b2a.jpg?imwidth=1536,,Clothing,,Apparel,outfit_outfit_products_outfit1
H&M,Drawstring Poplin Blouse,$49.99,Unisex,https://image.hm.com/assets/hm/ec/02/ec020707ea44eb684366310896eb662e472f9dbc.jpg?imwidth=1536,,Clothing,,Apparel,outfit_outfit_products_outfit1
H&M,Twill Dress,$49.99,Unisex,https://image.hm.com/assets/hm/bf/64/bf64ef82d34b76325c3d7cbdeb507183af16c32c.jpg?imwidth=1536,,Clothing,,Apparel,outfit_outfit_products_outfit1
H&M,Sphere-Detail Front-Back Earrings,$49.99,Unisex,https://image.hm.com/assets/hm/0b/6e/0b6e78ae0b7988ebe5f774eeaba958b5292d95e4.jpg?imwidth=1536,,Clothing,,Apparel,outfit_outfit_products_outfit1
H&M,Denim Skirt,$49.99,Unisex,https://image.hm.com/assets/hm/8b/9c/8b9c7b116162ab617b6ae936dd1fd0646978eb08.jpg?imwidth=1536,,Clothing,,Apparel,outfit_outfit_products_outfit1
H&M,Cardigan with Defined Waist,$39.99,Unisex,https://image.hm.com/assets/hm/1d/6a/1d6a5b5dbaac6a01a3e194b8cdd978aafa94061e.jpg?imwidth=1536,,Clothing,,Apparel,outfit_outfit_products_outfit1
H&M,High Rise Wide-cut Jeans,$39.99,Unisex,https://image.hm.com/assets/hm/4e/c9/4ec98ca03cc86f292542146cafa15f65f39cdaf7.jpg?imwidth=1536,,Clothing,,Apparel,outfit_outfit_products_outfit1
H&M,Flared-Skirt Twill Dress,$39.99,Unisex,https://image.hm.com/assets/hm/ae/42/ae421bfd79c15c27850da11bbd685dfe8000b464.jpg?imwidth=1536,,Clothing,,Apparel,outfit_outfit_products_outfit1
Billabong,Billabong Cloud Midi Dress,$145.00,Unisex,https://i.localised.com/img/uo/product/ea40a3ac-afa7-4181-8cb2-dac9668ae88f_LARGE.jpg,,Clothing,,Apparel,outfit_outfit_products_outfit1
Archive At UO | Urban Outfitters,Archive At UO Red Lace Mini Dress,£7.00,Unisex,https://imageseu.urbndata.com/is/image/UrbanOutfittersEU/0416439780158_060_b?$xlarge$&fit=constrain&qlt=80&wid=1314,,Clothing,,Apparel,outfit_outfit_products_outfit1
BDG | Urban Outfitters,BDG Violet Pleated Denim Midi Skirt,£46.00,Unisex,https://imageseu.urbndata.com/is/image/UrbanOutfittersEU/0120593370423_040_b,,Clothing,,Apparel,outfit_outfit_products_outfit1
Bluebella | Urban Outfitters,Bluebella Elsa Diamond Lattice Cami,$80.00,Unisex,https://imageseu.urbndata.com/is/image/UrbanOutfittersEU/0140450840041_017_b,,Clothing,,Apparel,outfit_outfit_products_outfit1
Archive At UO | Urban Outfitters,Archive At UO Black Pinstripe Wide-Leg Trousers,£27.00,Unisex,https://imageseu.urbndata.com/is/image/UrbanOutfittersEU/0418643730344_001_b,,Clothing,,Apparel,outfit_outfit_products_outfit1
BDG | Urban Outfitters,BDG Ultimate Faux Leather Mini Skirt,£19.00,Unisex,https://imageseu.urbndata.com/is/image/UrbanOutfittersEU/0120593370413_020_b?$xlarge$&fit=constrain&qlt=80&wid=1314,,Clothing,,Apparel,outfit_outfit_products_outfit1
BDG | Urban Outfitters,BDG Luna Panelled Bandeau Corset Top,£13.00,Unisex,https://imageseu.urbndata.com/is/image/UrbanOutfittersEU/0111593370072_040_b?$xlarge$&fit=constrain&qlt=80&wid=1314,,Clothing,,Apparel,outfit_outfit_products_outfit1
Archive At UO | Urban Outfitters,Archive At UO Austin Leopard Print Cami,£9.00,Unisex,https://imageseu.urbndata.com/is/image/UrbanOutfittersEU/0414643730322_020_b,,Clothing,,Apparel,outfit_outfit_products_outfit1
BDG | Urban Outfitters,BDG Annie Longline Carpenter Pink Jorts,£24.00,Unisex,https://imageseu.urbndata.com/is/image/UrbanOutfittersEU/0125593370290_066_b,,Clothing,,Apparel,outfit_outfit_products_outfit1
Calvin Klein | Urban Outfitters,Calvin Klein Cropped Lounge T-shirt,£45.00,Unisex,https://imageseu.urbndata.com/is/image/UrbanOutfittersEU/0113939600015_004_b?$xlarge$&fit=constrain&qlt=80&wid=1314,,Clothing,,Apparel,outfit_outfit_products_outfit1
Champion,Champion Gan BDU Modern Track Pants,£59.00,Unisex,https://imageseu.urbndata.com/is/image/UrbanOutfittersEU/0221328240076_001_b?$xlarge$&fit=constrain&qlt=80&wid=1314,,Clothing,,Apparel,outfit_outfit_products_outfit1
BDG | Urban Outfitters,BDG Jaya Boxer Jeans,£52.00,Unisex,https://imageseu.urbndata.com/is/image/UrbanOutfittersEU/0122593371591_040_b?$xlarge$&fit=constrain&qlt=80&wid=1314,,Clothing,,Apparel,outfit_outfit_products_outfit1
BDG | Urban Outfitters,BDG Light Blue Arlo Crop Oxford Shirt,£42.00,Unisex,https://imageseu.urbndata.com/is/image/UrbanOutfittersEU/0215617930352_048_b?$xlarge$&fit=constrain&qlt=80&wid=1314,,Clothing,,Apparel,outfit_outfit_products_outfit1
Bench | Urban Outfitters,Bench UO Exclusive Double Layer Cami,$15.00,Unisex,https://imageseu.urbndata.com/is/image/UrbanOutfittersEU/0180903280077_001_b?$xlarge$&fit=constrain&qlt=80&wid=1314,,Clothing,,Apparel,outfit_outfit_products_outfit1
Urban Renewal,Urban Renewal Made From Remnants Saree Shirt,£15.00,Unisex,https://imageseu.urbndata.com/is/image/UrbanOutfittersEU/0420738570006_001_b?$medium$&fit=constrain&hei=1046&qlt=80&wid=698,,Clothing,,Apparel,outfit_outfit_products_outfit1
Urban Renewal,Urban Renewal One-Of-A-Kind The North Face Reworked Tank,£45.00,Unisex,https://imageseu.urbndata.com/is/image/UrbanOutfittersEU/0412621551778_066_b?$medium$&fit=constrain&hei=1046&qlt=80&wid=698,,Clothing,,Apparel,outfit_outfit_products_outfit1
Urban Renewal,Urban Renewal One-Of-A-Kind Burberry Jacket,£140.00,Unisex,https://imageseu.urbndata.com/is/image/UrbanOutfittersEU/0412621551609_001_b?$medium$&fit=constrain&hei=1046&qlt=80&wid=698,,Clothing,,Apparel,outfit_outfit_products_outfit1
Urban Renewal,Urban Renewal Vintage Red Crochet Cami Top,£9.00,Unisex,https://imageseu.urbndata.com/is/image/UrbanOutfittersEU/0420200720102_060_b?$medium$&fit=constrain&hei=1046&qlt=80&wid=698,,Clothing,,Apparel,outfit_outfit_products_outfit1
Urban Renewal,Urban Renewal Remade From Vintage Sport Polo Shirt,£8.00,Unisex,https://imageseu.urbndata.com/is/image/UrbanOutfittersEU/0420345530001_060_b?$medium$&fit=constrain&hei=1046&qlt=80&wid=698,,Clothing,,Apparel,outfit_outfit_products_outfit1
Urban Renewal,Urban Renewal Vintage Grunge Green Check Flannel Shirt,£15.00,Unisex,https://imageseu.urbndata.com/is/image/UrbanOutfittersEU/0417652650954_030_b?$medium$&fit=constrain&hei=1046&qlt=80&wid=698,,Clothing,,Apparel,outfit_outfit_products_outfit1
Urban Renewal,Urban Renewal One-Of-A-Kind JCP60s Denim Jacket,£209.00,Unisex,https://imageseu.urbndata.com/is/image/UrbanOutfittersEU/0412621551558_091_b?$medium$&fit=constrain&hei=1046&qlt=80&wid=698,,Clothing,,Apparel,outfit_outfit_products_outfit1
Urban Renewal,Urban Renewal Made From Remnants Button-Up T-Shirt,£11.00,Unisex,https://imageseu.urbndata.com/is/image/UrbanOutfittersEU/0420439780011_023_b?$medium$&fit=constrain&hei=1046&qlt=80&wid=698,,Clothing,,Apparel,outfit_outfit_products_outfit1
Archive At UO,Archive At UO Wilhelmina Harrington Jacket,£34.00,Unisex,https://imageseu.urbndata.com/is/image/UrbanOutfittersEU/0415643730034_020_b?$medium$&fit=constrain&hei=1046&qlt=80&wid=698,,Clothing,,Apparel,outfit_outfit_products_outfit1
Archive At UO | Urban Outfitters,Archive At UO Kareem Lace-Up Long Sleeve Top,£35.00,Unisex,https://imageseu.urbndata.com/is/image/UrbanOutfittersEU/0414439780459_030_b?$xlarge$&fit=constrain&qlt=80&wid=1314,,Clothing,,Apparel,outfit_outfit_products_outfit1
BDG | Urban Outfitters,BDG Cropped Flannel Shirt,$12.00,Unisex,https://imageseu.urbndata.com/is/image/UrbanOutfittersEU/0215617930315_095_b?$xlarge$&fit=constrain&qlt=80&wid=1314,,Clothing,,Apparel,outfit_outfit_products_outfit1
BDG | Urban Outfitters,BDG Kayla Lowrider Jeans,£49.00,Unisex,https://imageseu.urbndata.com/is/image/UrbanOutfittersEU/0122593371575_434_b,,Clothing,,Apparel,outfit_outfit_products_outfit1
BDG | Urban Outfitters,BDG Lily Cargo Mini Skirt,£21.00,Unisex,https://imageseu.urbndata.com/is/image/UrbanOutfittersEU/0120608870001_065_b,,Clothing,,Apparel,outfit_outfit_products_outfit1
BDG | Urban Outfitters,BDG NYC 1990 Baby T-Shirt,$13.00,Unisex,https://imageseu.urbndata.com/is/image/UrbanOutfittersEU/0119477793005_060_b,,Clothing,,Apparel,outfit_outfit_products_outfit1
BDG | Urban Outfitters,BDG Original Baby T-Shirt,£21.00,Unisex,https://imageseu.urbndata.com/is/image/UrbanOutfittersEU/0119347820042_010_b,,Clothing,,Apparel,outfit_outfit_products_outfit1
BDG | Urban Outfitters,BDG Rose Denim Mini Kilt,£26.00,Unisex,https://imageseu.urbndata.com/is/image/UrbanOutfittersEU/0120593370388_001_b?$xlarge$&fit=constrain&qlt=80&wid=1314,,Clothing,,Apparel,outfit_outfit_products_outfit1
BDG | Urban Outfitters,BDG Ultimate Denim Mini Skirt,£36.00,Unisex,https://imageseu.urbndata.com/is/image/UrbanOutfittersEU/0120593370348_001_b,,Clothing,,Apparel,outfit_outfit_products_outfit1
BDG | Urban Outfitters,BDG Kayla Black Lowrider Jeans,£49.00,Unisex,https://imageseu.urbndata.com/is/image/UrbanOutfittersEU/0122947480036_001_b?$xlarge$&fit=constrain&qlt=80&wid=1314,,Clothing,,Apparel,outfit_outfit_products_outfit1
BDG | Urban Outfitters,BDG Kayla Lowrider Mixed Jeans,$32.00,Unisex,https://imageseu.urbndata.com/is/image/UrbanOutfittersEU/0122593371521_000_b,,Clothing,,Apparel,outfit_outfit_products_outfit1
BDG | Urban Outfitters,BDG Kayla Lowrider Patch Jeans,£62.00,Unisex,https://imageseu.urbndata.com/is/image/UrbanOutfittersEU/0122593371595_001_b,,Clothing,,Apparel,outfit_outfit_products_outfit1
BDG | Urban Outfitters,BDG Ruby Rara Check Mini Skirt,$18.00,Unisex,https://imageseu.urbndata.com/is/image/UrbanOutfittersEU/0120593370333_000_b,,Clothing,,Apparel,outfit_outfit_products_outfit1
BDG | Urban Outfitters,BDG Space-Dye Ribbed Knit Top,£34.00,Unisex,https://imageseu.urbndata.com/is/image/UrbanOutfittersEU/0114690510003_020_b,,Clothing,,Apparel,outfit_outfit_products_outfit1
BDG | Urban Outfitters,BDG White Broderie Shirt,£44.00,Unisex,https://imageseu.urbndata.com/is/image/UrbanOutfittersEU/0215911400148_011_b?$xlarge$&fit=constrain&qlt=80&wid=1314,,Clothing,,Apparel,outfit_outfit_products_outfit1
BDG | Urban Outfitters,BDG Luna Print Denim Corset Top,$23.00,Unisex,https://imageseu.urbndata.com/is/image/UrbanOutfittersEU/0111593370071_040_b,,Clothing,,Apparel,outfit_outfit_products_outfit1
BDG | Urban Outfitters,BDG Axel Linen Utility Playsuit,£16.00,Unisex,https://imageseu.urbndata.com/is/image/UrbanOutfittersEU/0131582180136_066_b?$xlarge$&fit=constrain&qlt=80&wid=1314,,Clothing,,Apparel,outfit_outfit_products_outfit1
BDG | Urban Outfitters,BDG Cari Belted Denim Maxi Skirt,£27.00,Unisex,https://imageseu.urbndata.com/is/image/UrbanOutfittersEU/0120593370387_042_b?$xlarge$&fit=constrain&qlt=80&wid=1314,,Clothing,,Apparel,outfit_outfit_products_outfit1
BDG | Urban Outfitters,BDG Kayla Lowrider Tie Dye Jeans,£49.00,Unisex,https://imageseu.urbndata.com/is/image/UrbanOutfittersEU/0122593371586_107_b,,Clothing,,Apparel,outfit_outfit_products_outfit1
BDG | Urban Outfitters,BDG White Arlo Crop Oxford Shirt,£42.00,Unisex,https://imageseu.urbndata.com/is/image/UrbanOutfittersEU/0215617930351_010_b?$xlarge$&fit=constrain&qlt=80&wid=1314,,Clothing,,Apparel,outfit_outfit_products_outfit1
BDG | Urban Outfitters,BDG Rue Halterneck Mini Dress,£17.00,Unisex,https://imageseu.urbndata.com/is/image/UrbanOutfittersEU/0130657780780_010_b,,Clothing,,Apparel,outfit_outfit_products_outfit1
BDG | Urban Outfitters,BDG Sienna Prairie Midi Skirt,£52.00,Unisex,https://imageseu.urbndata.com/is/image/UrbanOutfittersEU/0120593370416_001_b,,Clothing,,Apparel,outfit_outfit_products_outfit1
BDG | Urban Outfitters,BDG Ultimate Diamante Denim Mini Skirt,$31.00,Unisex,https://imageseu.urbndata.com/is/image/UrbanOutfittersEU/0120593370417_004_b,,Clothing,,Apparel,outfit_outfit_products_outfit1
adidas | Urban Outfitters,adidas Black VL Court 3.0 Trainers,£54.00,Unisex,https://imageseu.urbndata.com/is/image/UrbanOutfittersEU/0315291620085_001_b?$xlarge$&fit=constrain&qlt=80&wid=1314,,Clothing,,Apparel,outfit_outfit_products_outfit1
adidas | Urban Outfitters,adidas Brown Court Alpha Trainers,£72.00,Unisex,https://imageseu.urbndata.com/is/image/UrbanOutfittersEU/0315291620117_020_b,,Clothing,,Apparel,outfit_outfit_products_outfit1
adidas,adidas Green Court Alpha Trainers,£68.00,Unisex,https://imageseu.urbndata.com/is/image/UrbanOutfittersEU/0315291620114_030_b?$xlarge$&fit=constrain&qlt=80&wid=1314,,Clothing,,Apparel,outfit_outfit_products_outfit1
Ella Shea,Ella Shea Heatless Hair Curler,£10.00,Unisex,https://imageseu.urbndata.com/is/image/UrbanOutfittersEU/0191456500030_066_b?$medium$&fit=constrain&hei=1046&qlt=80&wid=698,,Clothing,,Apparel,outfit_outfit_products_outfit1
Sunday Rain,Sunday Rain Acai Berry Body Scrub,£6.00,Unisex,https://imageseu.urbndata.com/is/image/UrbanOutfittersEU/0194931650012_000_b?$medium$&fit=constrain&hei=1046&qlt=80&wid=698,,Clothing,,Apparel,outfit_outfit_products_outfit1
UO,UO Poplin Vintage Floral Shorts,,Unisex,https://imageseu.urbndata.com/is/image/UrbanOutfittersEU/0125613670011_020_b1?$medium$&fit=constrain&hei=1046&qlt=80&wid=698,,Clothing,,Apparel,outfit_outfit_products_outfit1
Koi,Koi Black Faux-Leather Vigo Heeled Loafers,£37.00,Unisex,https://imageseu.urbndata.com/is/image/UrbanOutfittersEU/0311906440030_001_b?$medium$&fit=constrain&hei=1046&qlt=80&wid=698,,Clothing,,Apparel,outfit_outfit_products_outfit1
BDG,BDG Zip-Up Denim Sling Bag,£36.00,Unisex,https://imageseu.urbndata.com/is/image/UrbanOutfittersEU/0151972620031_092_b,,Clothing,,Apparel,outfit_outfit_products_outfit1
Bluebella | Urban Outfitters,Bluebella Naomi Mesh Thong,£15.00,Unisex,https://imageseu.urbndata.com/is/image/UrbanOutfittersEU/0141450840059_010_b,,Clothing,,Apparel,outfit_outfit_products_outfit1
Bluebella,Bluebella Samara Wired Bra,£30.00,Unisex,https://imageseu.urbndata.com/is/image/UrbanOutfittersEU/0140450840047_060_b,,Clothing,,Apparel,outfit_outfit_products_outfit1
Kickers,Kickers zip through fitted knit top with embroidered logo in black,$40.00,Unisex,https://images.asos-media.com/products/kickers-zip-through-fitted-knit-top-with-embroidered-logo-in-black/206638555-1-black?$n_960w$&wid=952&fit=constrain,,Clothing,,Apparel,outfit_outfit_products_outfit2
Kickers,Kickers zip through cropped knit sweater with embroidered logo,$91.50,Unisex,https://images.asos-media.com/products/kickers-zip-through-cropped-knit-sweater-with-embroidered-logo/206638548-1-navy?$n_960w$&wid=952&fit=constrain,,Clothing,,Apparel,outfit_outfit_products_outfit2
Kickers,Kickers unisex cardigan in faux mohair with embroidered logo,$61.50,Unisex,https://images.asos-media.com/products/kickers-unisex-cardigan-in-faux-mohair-with-embroidered-logo/206638439-1-deepnavy?$n_960w$&wid=952&fit=constrain,,Clothing,,Apparel,outfit_outfit_products_outfit2
Kickers,Kickers cropped knit cricket sweater with embroidered logo in brown,$57.00,Unisex,https://images.asos-media.com/products/kickers-cropped-knit-cricket-sweater-with-embroidered-logo-in-brown/206638425-1-beigebrown?$n_960w$&wid=952&fit=constrain,,Clothing,,Apparel,outfit_outfit_products_outfit2
Kickers,Kickers unisex contrast puffer jacket with toggles and branding,$104.50,Unisex,https://images.asos-media.com/products/kickers-unisex-contrast-puffer-jacket-with-toggles-and-branding/206638366-1-black?$n_960w$&wid=952&fit=constrain,,Clothing,,Apparel,outfit_outfit_products_outfit2
Kickers,Kickers relaxed knitted sweater with green black 1970 logo in cream,$73.50,Unisex,https://images.asos-media.com/products/kickers-relaxed-knitted-sweater-with-green-black-1970-logo-in-cream/206638330-1-cream?$n_960w$&wid=952&fit=constrain,,Clothing,,Apparel,outfit_outfit_products_outfit2
Kickers,Kickers unisex classic rib knit mix sweater,$61.50,Unisex,https://images.asos-media.com/products/kickers-unisex-classic-rib-knit-mix-sweater/206638298-1-deepnavy?$n_960w$&wid=952&fit=constrain,,Clothing,,Apparel,outfit_outfit_products_outfit2
Kickers,Kickers relaxed knit sweater with stripe logo in pink and brown,$61.50,Unisex,https://images.asos-media.com/products/kickers-relaxed-knit-sweater-with-stripe-logo-in-pink-and-brown/206638478-1-pink?$n_960w$&wid=952&fit=constrain,,Clothing,,Apparel,outfit_outfit_products_outfit2
Kickers,Kickers relaxed fleurette knit sweater with big logo in baby pink,$57.00,Unisex,https://images.asos-media.com/products/kickers-relaxed-fleurette-knit-sweater-with-big-logo-in-baby-pink/206638426-1-pink?$n_960w$&wid=952&fit=constrain,,Clothing,,Apparel,outfit_outfit_products_outfit2
Kickers,Kickers boucle boxy fit knitted sweater with logo in brown,$73.50,Unisex,https://images.asos-media.com/products/kickers-boucle-boxy-fit-knitted-sweater-with-logo-in-brown/206638534-1-barkgeld?$n_960w$&wid=952&fit=constrain,,Clothing,,Apparel,outfit_outfit_products_outfit2
Kickers,Kickers unisex classic chest stripe jacquard logo knit sweater,$68.00,Unisex,https://images.asos-media.com/products/kickers-unisex-classic-chest-stripe-jacquard-logo-knit-sweater/206638349-1-black?$n_960w$&wid=952&fit=constrain,,Clothing,,Apparel,outfit_outfit_products_outfit2
Missguided,Missguided Maternity floral tiered midaxi dress in burgundy,$31.00,Unisex,https://images.asos-media.com/products/missguided-maternity-floral-tiered-midaxi-dress-in-burgundy/200750077-1-burgundy?$n_960w$&wid=952&fit=constrain,,Clothing,,Apparel,outfit_outfit_products_outfit2
Missguided,Missguided Fuller Bust bandeau bikini top in floral print,$12.50,Unisex,https://images.asos-media.com/products/missguided-fuller-bust-bandeau-bikini-top-in-floral-print/20400665-1-multi?$n_960w$&wid=952&fit=constrain,,Clothing,,Apparel,outfit_outfit_products_outfit2
Missguided,Missguided mix & match super high leg bikini bottom in black,$6.00,Unisex,https://images.asos-media.com/products/missguided-mix-match-super-high-leg-bikini-bottom-in-black/22899560-1-black?$n_960w$&wid=952&fit=constrain,,Clothing,,Apparel,outfit_outfit_products_outfit2
Missguided,Missguided Petite loungewear fluffy rib top in gray - part of a set,$26.00,Unisex,https://images.asos-media.com/products/missguided-petite-loungewear-fluffy-rib-top-in-gray-part-of-a-set/22818505-1-grey?$n_960w$&wid=952&fit=constrain,,Clothing,,Apparel,outfit_outfit_products_outfit2
Topshop,Topshop dark leopard straight leg pants in multi,$84.99,Unisex,https://images.asos-media.com/products/topshop-dark-leopard-straight-leg-pants-in-multi/207358790-1-multi?$n_960w$&wid=952&fit=constrain,,Clothing,,Apparel,outfit_outfit_products_outfit2
Topshop,Topshop pleated waistband wide leg tailored pants in sand - part of a set,$45.00,Unisex,https://images.asos-media.com/products/topshop-pleated-waistband-wide-leg-tailored-pants-in-sand-part-of-a-set/206835921-1-sand?$n_960w$&wid=952&fit=constrain,,Clothing,,Apparel,outfit_outfit_products_outfit2
Topshop,Topshop satin wide leg with tie waist pants in abstract print,$74.99,Unisex,https://images.asos-media.com/products/topshop-satin-wide-leg-with-tie-waist-pants-in-abstract-print/207564160-1-multi?$n_960w$&wid=952&fit=constrain,,Clothing,,Apparel,outfit_outfit_products_outfit2
Topshop,Topshop drawstring waist relaxed pants in brown stripe,$59.99,Unisex,https://images.asos-media.com/products/topshop-drawstring-waist-relaxed-pants-in-brown-stripe/207905308-1-brownstripe?$n_960w$&wid=952&fit=constrain,,Clothing,,Apparel,outfit_outfit_products_outfit2
Topshop,Topshop stripe plisse wide leg pants in green,$59.99,Unisex,https://images.asos-media.com/products/topshop-stripe-plisse-wide-leg-pants-in-green/207961709-1-green?$n_960w$&wid=952&fit=constrain,,Clothing,,Apparel,outfit_outfit_products_outfit2
Topshop,Topshop stripe plisse wide leg pants in burgundy,$59.99,Unisex,https://images.asos-media.com/products/topshop-stripe-plisse-wide-leg-pants-in-burgundy/207648319-1-burgundy?$n_960w$&wid=952&fit=constrain,,Clothing,,Apparel,outfit_outfit_products_outfit2
Topshop,Topshop premium cuffed wide leg sweatpants in heather gray,$64.99,Unisex,https://images.asos-media.com/products/topshop-premium-cuffed-wide-leg-sweatpants-in-heather-gray/206468085-1-greymarl?$n_960w$&wid=952&fit=constrain,,Clothing,,Apparel,outfit_outfit_products_outfit2
Topshop,Topshop pleat front tailored wide leg pants in charcoal,$69.99,Unisex,https://images.asos-media.com/products/topshop-pleat-front-tailored-wide-leg-pants-in-charcoal/207358662-1-charcoal?$n_960w$&wid=952&fit=constrain,,Clothing,,Apparel,outfit_outfit_products_outfit2
Topshop,Topshop Tall skinny ribbed flared pants in black,$38.00,Unisex,https://images.asos-media.com/products/topshop-tall-skinny-ribbed-flared-pants-in-black/206586700-1-black?$n_960w$&wid=952&fit=constrain,,Clothing,,Apparel,outfit_outfit_products_outfit2
Topshop,Topshop clean pull on cargo pants in beige,$79.99,Unisex,https://images.asos-media.com/products/topshop-clean-pull-on-cargo-pants-in-beige/207979557-1-beige?$n_960w$&wid=952&fit=constrain,,Clothing,,Apparel,outfit_outfit_products_outfit2
Topshop,Topshop cord sweatpants in brown,$74.99,Unisex,https://images.asos-media.com/products/topshop-cord-sweatpants-in-brown/207929391-1-brown?$n_960w$&wid=952&fit=constrain,,Clothing,,Apparel,outfit_outfit_products_outfit2
Topshop,Topshop pull on clean pant in black,$79.99,Unisex,https://images.asos-media.com/products/topshop-pull-on-clean-pant-in-black/207787421-1-black?$n_960w$&wid=952&fit=constrain,,Clothing,,Apparel,outfit_outfit_products_outfit2
Topshop,Topshop straight leg faux leather pants in silver,$76.99,Unisex,https://images.asos-media.com/products/topshop-straight-leg-faux-leather-pants-in-silver/206765649-1-silver?$n_960w$&wid=952&fit=constrain,,Clothing,,Apparel,outfit_outfit_products_outfit2
Topshop,Topshop striped linen pants in multi,$79.99,Unisex,https://images.asos-media.com/products/topshop-striped-linen-pants-in-multi/206907464-1-multi?$n_960w$&wid=952&fit=constrain,,Clothing,,Apparel,outfit_outfit_products_outfit2
Topshop,Topshop polka dot plisse wide leg pants in brown,$59.99,Unisex,https://images.asos-media.com/products/topshop-polka-dot-plisse-wide-leg-pants-in-brown/207961702-1-brown?$n_960w$&wid=952&fit=constrain,,Clothing,,Apparel,outfit_outfit_products_outfit2
Topshop,Topshop skinny rib flared pants in black,$37.99,Unisex,https://images.asos-media.com/products/topshop-skinny-rib-flared-pants-in-black/206586714-1-black?$n_960w$&wid=952&fit=constrain,,Clothing,,Apparel,outfit_outfit_products_outfit2
Topshop,Topshop wide straight leg pinstripe tailored pants in gray - part of a set,$69.99,Unisex,https://images.asos-media.com/products/topshop-wide-straight-leg-pinstripe-tailored-pants-in-gray-part-of-a-set/207423316-1-grey?$n_960w$&wid=952&fit=constrain,,Clothing,,Apparel,outfit_outfit_products_outfit2
Topshop,Topshop Tall full length heavy weight leggings in black,$38.00,Unisex,https://images.asos-media.com/products/topshop-tall-full-length-heavy-weight-leggings-in-black/206672584-1-black?$n_960w$&wid=952&fit=constrain,,Clothing,,Apparel,outfit_outfit_products_outfit2
Topshop,Topshop cuffed sweatpants in red,$54.99,Unisex,https://images.asos-media.com/products/topshop-cuffed-sweatpants-in-red/206413612-1-red?$n_960w$&wid=952&fit=constrain,,Clothing,,Apparel,outfit_outfit_products_outfit2
Topshop,Topshop Tall low slung linen button pants in black,$65.00,Unisex,https://images.asos-media.com/products/topshop-tall-low-slung-linen-button-pants-in-black/206460108-1-black?$n_960w$&wid=952&fit=constrain,,Clothing,,Apparel,outfit_outfit_products_outfit2
Topshop,Topshop Hourglass full length heavy weight leggings in black,$38.00,Unisex,https://images.asos-media.com/products/topshop-hourglass-full-length-heavy-weight-leggings-in-black/205740576-1-black?$n_960w$&wid=952&fit=constrain,,Clothing,,Apparel,outfit_outfit_products_outfit2
Topshop,Topshop skinny rib flare in black,$37.99,Unisex,https://images.asos-media.com/products/topshop-skinny-rib-flare-in-black/205739222-1-black?$n_960w$&wid=952&fit=constrain,,Clothing,,Apparel,outfit_outfit_products_outfit2
Topshop,Topshop cargo dress pants in beige,$79.99,Unisex,https://images.asos-media.com/products/topshop-cargo-dress-pants-in-beige/208085528-1-beige?$n_960w$&wid=952&fit=constrain,,Clothing,,Apparel,outfit_outfit_products_outfit2
Topshop,Topshop pintuck slim leg pants in black,$79.99,Unisex,https://images.asos-media.com/products/topshop-pintuck-slim-leg-pants-in-black/207172583-1-black?$n_960w$&wid=952&fit=constrain,,Clothing,,Apparel,outfit_outfit_products_outfit2
Topshop,Topshop graphic cape town sweatpants in dark green - part of a set,$69.99,Unisex,https://images.asos-media.com/products/topshop-graphic-cape-town-sweatpants-in-dark-green-part-of-a-set/207612098-1-darkgreen?$n_960w$&wid=952&fit=constrain,,Clothing,,Apparel,outfit_outfit_products_outfit2
Topshop,Topshop Petite sequin tailored pants in green,$95.00,Unisex,https://images.asos-media.com/products/topshop-petite-sequin-tailored-pants-in-green/206992886-1-green?$n_960w$&wid=952&fit=constrain,,Clothing,,Apparel,outfit_outfit_products_outfit2
Topshop,Topshop Petite skinny rib flared pants in black,$38.00,Unisex,https://images.asos-media.com/products/topshop-petite-skinny-rib-flared-pants-in-black/206586701-1-black?$n_960w$&wid=952&fit=constrain,,Clothing,,Apparel,outfit_outfit_products_outfit2
Topshop,Topshop full length heavy weight legging in black,$37.99,Unisex,https://images.asos-media.com/products/topshop-full-length-heavy-weight-legging-in-black/206672573-1-black?$n_960w$&wid=952&fit=constrain,,Clothing,,Apparel,outfit_outfit_products_outfit2
Topshop,Topshop Tall basic ankle length legging in black,$24.00,Unisex,https://images.asos-media.com/products/topshop-tall-basic-ankle-length-legging-in-black/206530374-1-black?$n_960w$&wid=952&fit=constrain,,Clothing,,Apparel,outfit_outfit_products_outfit2
Topshop,Topshop basic ankle length legging in black,$22.99,Unisex,https://images.asos-media.com/products/topshop-basic-ankle-length-legging-in-black/206530381-1-black?$n_960w$&wid=952&fit=constrain,,Clothing,,Apparel,outfit_outfit_products_outfit2
Topshop,Topshop Tall low slung linen button pants in natural,$65.00,Unisex,https://images.asos-media.com/products/topshop-tall-low-slung-linen-button-pants-in-natural/206460214-1-natural?$n_960w$&wid=952&fit=constrain,,Clothing,,Apparel,outfit_outfit_products_outfit2
Topshop,Topshop Petite full length heavy weight legging with deep waistband in black,$37.99,Unisex,https://images.asos-media.com/products/topshop-petite-full-length-heavy-weight-legging-with-deep-waistband-in-black/204389749-1-black?$n_960w$&wid=952&fit=constrain,,Clothing,,Apparel,outfit_outfit_products_outfit2
Topshop,Topshop pull on cargo pants with waistband in burgundy,$79.99,Unisex,https://images.asos-media.com/products/topshop-pull-on-cargo-pants-with-waistband-in-burgundy/208085608-1-burgundy?$n_960w$&wid=952&fit=constrain,,Clothing,,Apparel,outfit_outfit_products_outfit2
Topshop,Topshop corduroy low slung pants in camel,$79.99,Unisex,https://images.asos-media.com/products/topshop-corduroy-low-slung-pants-in-camel/207172523-1-camel?$n_960w$&wid=952&fit=constrain,,Clothing,,Apparel,outfit_outfit_products_outfit2
Topshop,Topshop pintuck slim leg pants in buttermilk,$79.99,Unisex,https://images.asos-media.com/products/topshop-pintuck-slim-leg-pants-in-buttermilk/207172554-1-buttermilk?$n_960w$&wid=952&fit=constrain,,Clothing,,Apparel,outfit_outfit_products_outfit2
Topshop,Topshop straight leg metallic faux leather pants in gunmetal,$76.99,Unisex,https://images.asos-media.com/products/topshop-straight-leg-metallic-faux-leather-pants-in-gunmetal/206765629-1-gunmetal?$n_960w$&wid=952&fit=constrain,,Clothing,,Apparel,outfit_outfit_products_outfit2
Reebok,Reebok Classic AZ sneakers in white and gray detail,$75.00,Unisex,https://images.asos-media.com/products/reebok-classic-az-sneakers-in-white-and-gray-detail/206979423-1-white?$n_960w$&wid=952&fit=constrain,,Clothing,,Apparel,outfit_outfit_products_outfit2
Reebok,Reebok Classic Leather sneakers in white,$60.00,Unisex,https://images.asos-media.com/products/reebok-classic-leather-sneakers-in-white/205518451-1-white?$n_960w$&wid=952&fit=constrain,,Clothing,,Apparel,outfit_outfit_products_outfit2
